{
    "COVID": {
        "precision": 0.9488817891373802,
        "recall": 0.8425531914893617,
        "f1-score": 0.8925619834710744,
        "support": 705.0
    },
    "NORMAL": {
        "precision": 0.9480337078651685,
        "recall": 0.9844433641225085,
        "f1-score": 0.9658955401860243,
        "support": 2057.0
    },
    "accuracy": 0.9482259232440261,
    "macro avg": {
        "precision": 0.9484577485012744,
        "recall": 0.9134982778059351,
        "f1-score": 0.9292287618285493,
        "support": 2762.0
    },
    "weighted avg": {
        "precision": 0.9482501804563739,
        "recall": 0.9482259232440261,
        "f1-score": 0.9471771631099781,
        "support": 2762.0
    }
}